metric,n,mae_mW,rmse_mW,bias_mW
base,20,194.23139497036422,283.4179564880534,42.40348995426022
phys_corrected,20,287.7516783996475,359.4179840635064,-270.1873304343741
