covariate,r_before,r_after
thermal_cpu,0.6679091063470664,0.5804797019350924
thermal_batt,0.28445682158572216,0.09067191800538839
soc,-0.2158084076540227,-0.4488222555072387
voltage,-0.2708188252242883,-0.49814790186898766
current_uA,0.8908956949945606,0.8819575666188024
