metric,n,mae_mW,rmse_mW,bias_mW
base,20,194.23139497036422,283.4179564880534,42.40348995426022
i2r_corrected,20,142.0420824166979,217.1390818560158,-82.35811355521213
