{
  "label": "20260131_173834_S2_b90",
  "trace_path": "artifacts\\reports\\20260131_173834_S2_b90_enriched\\perfetto_android_power.pftrace",
  "n_samples": 121,
  "duration_s": 29.797876694,
  "sample_period_s_median": 0.25006611550000013,
  "charge_start_uah": 1553000.0,
  "charge_end_uah": 1569000.0,
  "discharge_mah": -16.0,
  "current_ua_mean": -1914198.347107438,
  "current_ua_p50": -1917000.0,
  "current_ua_p95": -1721000.0,
  "voltage_v_mean": 3.9117768595041325,
  "voltage_v_p50": 3.912,
  "power_mw_mean": -7488.309768595041,
  "energy_mwh": -61.94390561047293
}
