metric,n,mae_mW,rmse_mW,bias_mW
base,20,194.23139497036422,283.4179564880534,42.40348995426022
i2r_corrected,20,134.6835692122974,211.0270352442561,-53.68624209859085
