{
  "label": "20260131_174045_S2_b90",
  "trace_path": "artifacts\\reports\\20260131_174045_S2_b90_enriched\\perfetto_android_power.pftrace",
  "n_samples": 2162,
  "duration_s": 540.001299724,
  "sample_period_s_median": 0.2500049230000059,
  "charge_start_uah": 1621000.0,
  "charge_end_uah": 1912000.0,
  "discharge_mah": -291.0,
  "current_ua_mean": -1940234.5050878816,
  "current_ua_p50": -1952000.0,
  "current_ua_p95": -1803000.0,
  "voltage_v_mean": 3.9356480111008323,
  "voltage_v_p50": 3.936,
  "power_mw_mean": -7636.270398704903,
  "energy_mwh": -1145.5307810326642
}
