split,n_train_samples,n_test_samples,n_test_runs,power_sample_mae_mW,param_p_base_mW,param_k_screen,param_k_cpu,param_k_leak_mW,param_leak_gamma_per_C,param_leak_tref_C,param_k_gps_off_mW,param_k_cellular_off_mW,param_c_eff_mAh
S2_HOLDOUT:S2_b150,1545,151,1,207.35721569043906,10.273397714437314,0.5243643300697598,7.35298026086223,217.89462219678725,0.06931471805599453,37.5980298084005,-82.37683820998126,0.0,4410.0
S2_HOLDOUT:S2_b210,1545,151,1,221.67146740140507,9.987945871991649,0.506857614332243,7.357694944076638,217.81774216516024,0.06931471805599453,37.59613573919225,-82.35468295779151,0.0,4410.0
S2_HOLDOUT:S2_b30_1,1545,151,1,296.75555290136396,9.285227586939868,0.49645666363483487,7.169764462965016,220.52531754864043,0.06931471805599453,37.592181872209665,-83.40725829533504,0.0,4410.0
S2_HOLDOUT:S2_b90,1545,151,1,191.75883805058734,10.305554676671472,0.500700102212092,7.35196228133788,217.0485788173341,0.06931471805599453,37.523956315469576,-82.43399434629944,0.0,4410.0
