split,run_name,scenario,n_samples,p_meas_mean_mW,p_pred_mean_mW,p_rel_err_pct,rmse_soc_pct
S2_HOLDOUT:S2_b150,20260201_185149_S2_b150,S2_b150,151,1673.8015393122892,1762.0689356297864,5.273468463517097,0.3616198731177967
S2_HOLDOUT:S2_b210,20260201_190712_S2_b210,S2_b210,151,1883.1961197504281,1894.4295938865441,0.59651111311788,0.41496448282477894
S2_HOLDOUT:S2_b30_1,20260201_193915_S2_b30_1,S2_b30_1,151,1635.9583673169138,1404.09818013971,-14.172743745152319,0.26723755041579167
S2_HOLDOUT:S2_b90,20260201_183735_S2_b90,S2_b90,151,1603.388382419604,1600.0782742988067,-0.20644456184734566,0.37834183512126435
