{
  "p_base_mW": 24.290504832757808,
  "k_screen_mW_per_norm": 0.6199569179447456,
  "k_cpu": 7.587701615975572,
  "k_gps_mW": 12.645712750997284,
  "leak_baseline_mW": 0.0,
  "leak_coeff_per_C": 78.60474816639605,
  "temp_ref_C": 39.295,
  "c_eff_mAh": 4410.0
}
