{
  "p_base_mW": 11.460168982212037,
  "k_screen": 0.5051108629470437,
  "k_cpu": 7.292488274534349,
  "k_leak_mW": 217.1967685988804,
  "leak_gamma_per_C": 0.06931471805599453,
  "leak_tref_C": 37.4575747399015,
  "k_gps_off_mW": -82.82326217676935,
  "k_cellular_off_mW": 0.0,
  "c_eff_mAh": 4410.0
}
