{
  "p_base_mW": 18.793285327843712,
  "k_screen": 0.13051338667842619,
  "k_cpu": 10.570214902561931,
  "k_leak_mW": 251.70386445688737,
  "leak_gamma_per_C": 0.06931471805599453,
  "leak_tref_C": 42.29817839147364,
  "k_gps_off_mW": -66.61007966780653,
  "k_cellular_off_mW": 0.0,
  "c_eff_mAh": 4410.0
}
