{
  "p_base_mW": 2.654191185838387,
  "k_screen": -0.008465288125801449,
  "k_cpu": 12.123117874191134,
  "k_leak_mW": 201.42256210175418,
  "leak_gamma_per_C": 0.06931471805599453,
  "leak_tref_C": 39.68010037588317,
  "k_gps_off_mW": -66.24070238020306,
  "k_cellular_off_mW": 0.0,
  "c_eff_mAh": 4410.0
}
