run_name,n_samples,duration_s,soc_initial,soc_final_meas,soc_final_sim,rmse_soc_pct,mape_soc_pct,p_meas_mean_mW,p_pred_mean_mW
20260131_230812_S1-HS-1,318,1199.0,98.0,96.0,95.69141692106331,0.4723825454092271,0.3937180745643316,1216.9473587643986,1355.6513752349106
20260201_174510_S1-HS-2,338,1198.0,62.0,60.0,59.871704972119964,0.3447236417342286,0.45451114477630367,1103.0376480746754,1157.0152465295587
20260201_183735_S2_b90,150,538.0,56.0,54.0,54.63707606346486,0.37989240202528624,0.5508843721432245,1603.697411635735,1604.7106087398122
20260201_185149_S2_b150,150,538.0,54.0,52.0,52.51054795083612,0.3672257324573389,0.5682622002143766,1675.6782162410377,1740.6446436726076
20260201_190712_S2_b210,150,538.0,51.0,50.0,49.37311072691568,0.41308915400675406,0.6774071469257734,1878.8434538820975,1891.7338919191125
20260201_193915_S2_b30_1,150,538.0,46.0,45.0,44.76251110713377,0.2669633921597707,0.49473858931844,1602.2649230990264,1430.0985910387449
20260201_204549_S3_load_t4,134,539.0,33.0,29.0,29.52909320771464,0.34445851485283535,0.9256270129814426,4173.223141791045,3872.315817384344
20260201_213514_S4,148,537.0,42.0,41.0,41.01684559760558,0.37807978503967454,0.7442412035816145,1228.2118581081081,1142.8951244946488
20260201_215338_S4-1,149,540.0,43.0,42.0,41.95885469803461,0.2894546491391282,0.5752222968120115,1286.2660432870955,1200.9493096736364
