run_name,t_amb_C,a_per_s,b_C_per_J,tau_s
20260131_230812_S1-HS-1,39.158,-0.19392664513173932,4.127676296030037,5.156588973736303
20260201_174510_S1-HS-2,33.692,-0.16330321384584476,4.428190673847131,6.123578198185259
20260201_183735_S2_b90,33.994,-0.3163619714904203,7.403070710010508,3.16093617475222
20260201_185149_S2_b150,33.517,-0.30046970253357264,6.8347175822414785,3.3281225746488237
20260201_190712_S2_b210,34.173,-0.3013562821042825,6.170296324644768,3.3183313552227727
20260201_193915_S2_b30_1,34.669,-0.2778000059446952,5.396481278491326,3.599711946007234
20260201_204549_S3_load_t4,71.586,-0.017600502030207077,0.07225460342690956,56.81656115738845
20260201_213514_S4,40.05,-0.24388711410278824,5.899443153969515,4.100257628119466
20260201_215338_S4-1,38.523,-0.22917763047932954,4.29874066997789,4.363427608132959
