metric,n,mae_mW,rmse_mW,bias_mW
base,20,194.23139497036422,283.4179564880534,42.40348995426022
i2r_corrected,20,147.57762266543963,219.70532328965368,-70.93219538653962
