{
  "label": "test_60s",
  "trace_path": "artifacts\\mp_power_batt_60s.pftrace",
  "n_samples": 241,
  "duration_s": 59.876835004,
  "sample_period_s_median": 0.2499465774999976,
  "charge_start_uah": 1305000.0,
  "charge_end_uah": 1300000.0,
  "discharge_mah": 5.0,
  "current_ua_mean": 271269.7095435685,
  "current_ua_p50": 259000.0,
  "current_ua_p95": 365000.0,
  "voltage_v_mean": 3.760477178423237,
  "voltage_v_p50": 3.761,
  "power_mw_mean": 1019.9849128630706,
  "energy_mwh": 16.95575692973696
}
