metric,n,mae_mW,rmse_mW,bias_mW
base,20,194.23139497036422,283.4179564880534,42.40348995426022
phys_corrected,20,218.16776860959106,302.82629494538264,-97.29197094316454
