covariate,r_before,r_after
thermal_cpu,0.6679091063470664,0.6554055738655721
thermal_batt,0.28445682158572216,0.27322077726396543
soc,-0.2158084076540227,-0.22644629818577725
voltage,-0.2708188252242883,-0.28008470382625106
current_uA,0.8908956949945606,0.883263104800335
