metric,n,mae_mW,rmse_mW,bias_mW
base,20,194.23139497036422,283.4179564880534,42.40348995426022
i2r_corrected,20,170.22375709561567,241.5278891567485,-111.03814895230157
