metric,n,mae_mW,rmse_mW,bias_mW
base,20,194.23139497036422,283.4179564880534,42.40348995426022
corrected,20,178.06531209288914,247.68627692402674,-5.417547588324124
