metric,n,mae_mW,rmse_mW,bias_mW
base,20,194.23139497036422,283.4179564880534,42.40348995426022
i2r_corrected,20,141.99080291959672,217.12467925766515,-82.3782059004161
