metric,n,mae_mW,rmse_mW,bias_mW
base,20,194.23139497036422,283.4179564880534,42.40348995426022
phys_corrected,20,139.9594576202784,214.8034909694425,-80.62318493674883
