covariate,r_before,r_after
thermal_cpu,0.6679091063470664,0.2625178781072389
thermal_batt,0.28445682158572216,0.126195549772757
soc,-0.2158084076540227,-0.04591785787802369
voltage,-0.2708188252242883,-0.07991252930227882
current_uA,0.8908956949945606,0.5081354811075299
