metric,n,mae_mW,rmse_mW,bias_mW
base,20,194.23139497036422,283.4179564880534,42.40348995426022
phys_corrected,20,179.40779544353578,262.33138864143524,-56.1992957544237
