covariate,r_before,r_after
thermal_cpu0_C,0.6167047388740758,0.547134684313056
battery_level0_pct,-0.2158084076540227,0.03901209487707418
perfetto_voltage_mean_V,-0.2708188252242883,-0.007645736711794347
perfetto_current_mean_uA,0.8908956949945606,0.7083623476624303
