metric,n,mae_mW,rmse_mW,bias_mW
base,20,194.23139497036422,283.4179564880534,42.40348995426022
phys_corrected,20,338.7028310631401,398.698322851391,-262.50675639023893
