covariate,r_before,r_after
thermal_cpu,0.6679091063470664,0.6429654088367431
thermal_batt,0.28445682158572216,0.14996763069445906
soc,-0.2158084076540227,-0.4169011260696999
voltage,-0.2708188252242883,-0.4674564381121201
current_uA,0.8908956949945606,0.8970604604261802
